row_id,age_imputed,age_clean,embarked_imputed,embarked_clean,embark_town_clean,deck_known,deck_clean,who_clean,adult_male_clean
1,False,22.0,False,S,Southampton,False,Unknown,man,True
2,False,38.0,False,C,Cherbourg,True,C,woman,False
3,False,26.0,False,S,Southampton,False,Unknown,woman,False
4,False,35.0,False,S,Southampton,True,C,woman,False
5,False,35.0,False,S,Southampton,False,Unknown,man,True
6,True,25.0,False,Q,Queenstown,False,Unknown,man,True
7,False,54.0,False,S,Southampton,True,E,man,True
8,False,2.0,False,S,Southampton,False,Unknown,child,False
9,False,27.0,False,S,Southampton,False,Unknown,woman,False
10,False,14.0,False,C,Cherbourg,False,Unknown,child,False
11,False,4.0,False,S,Southampton,True,G,child,False
12,False,58.0,False,S,Southampton,True,C,woman,False
13,False,20.0,False,S,Southampton,False,Unknown,man,True
14,False,39.0,False,S,Southampton,False,Unknown,man,True
15,False,14.0,False,S,Southampton,False,Unknown,child,False
16,False,55.0,False,S,Southampton,False,Unknown,woman,False
17,False,2.0,False,Q,Queenstown,False,Unknown,child,False
18,True,30.0,False,S,Southampton,False,Unknown,man,True
19,False,31.0,False,S,Southampton,False,Unknown,woman,False
20,True,21.5,False,C,Cherbourg,False,Unknown,woman,False
21,False,35.0,False,S,Southampton,False,Unknown,man,True
22,False,34.0,False,S,Southampton,True,D,man,True
23,False,15.0,False,Q,Queenstown,False,Unknown,child,False
24,False,28.0,False,S,Southampton,True,A,man,True
25,False,8.0,False,S,Southampton,False,Unknown,child,False
26,False,38.0,False,S,Southampton,False,Unknown,woman,False
27,True,25.0,False,C,Cherbourg,False,Unknown,man,True
28,False,19.0,False,S,Southampton,True,C,man,True
29,True,21.5,False,Q,Queenstown,False,Unknown,woman,False
30,True,25.0,False,S,Southampton,False,Unknown,man,True
31,False,40.0,False,C,Cherbourg,False,Unknown,man,True
32,True,35.0,False,C,Cherbourg,True,B,woman,False
33,True,21.5,False,Q,Queenstown,False,Unknown,woman,False
34,False,66.0,False,S,Southampton,False,Unknown,man,True
35,False,28.0,False,C,Cherbourg,False,Unknown,man,True
36,False,42.0,False,S,Southampton,False,Unknown,man,True
37,True,25.0,False,C,Cherbourg,False,Unknown,man,True
38,False,21.0,False,S,Southampton,False,Unknown,man,True
39,False,18.0,False,S,Southampton,False,Unknown,woman,False
40,False,14.0,False,C,Cherbourg,False,Unknown,child,False
41,False,40.0,False,S,Southampton,False,Unknown,woman,False
42,False,27.0,False,S,Southampton,False,Unknown,woman,False
43,True,25.0,False,C,Cherbourg,False,Unknown,man,True
44,False,3.0,False,C,Cherbourg,False,Unknown,child,False
45,False,19.0,False,Q,Queenstown,False,Unknown,woman,False
46,True,25.0,False,S,Southampton,False,Unknown,man,True
47,True,25.0,False,Q,Queenstown,False,Unknown,man,True
48,True,21.5,False,Q,Queenstown,False,Unknown,woman,False
49,True,25.0,False,C,Cherbourg,False,Unknown,man,True
50,False,18.0,False,S,Southampton,False,Unknown,woman,False
51,False,7.0,False,S,Southampton,False,Unknown,child,False
52,False,21.0,False,S,Southampton,False,Unknown,man,True
53,False,49.0,False,C,Cherbourg,True,D,woman,False
54,False,29.0,False,S,Southampton,False,Unknown,woman,False
55,False,65.0,False,C,Cherbourg,True,B,man,True
56,True,40.0,False,S,Southampton,True,C,man,True
57,False,21.0,False,S,Southampton,False,Unknown,woman,False
58,False,28.5,False,C,Cherbourg,False,Unknown,man,True
59,False,5.0,False,S,Southampton,False,Unknown,child,False
60,False,11.0,False,S,Southampton,False,Unknown,child,False
61,False,22.0,False,C,Cherbourg,False,Unknown,man,True
62,False,38.0,True,S,Southampton,True,B,woman,False
63,False,45.0,False,S,Southampton,True,C,man,True
64,False,4.0,False,S,Southampton,False,Unknown,child,False
65,True,40.0,False,C,Cherbourg,False,Unknown,man,True
66,True,25.0,False,C,Cherbourg,False,Unknown,man,True
67,False,29.0,False,S,Southampton,True,F,woman,False
68,False,19.0,False,S,Southampton,False,Unknown,man,True
69,False,17.0,False,S,Southampton,False,Unknown,woman,False
70,False,26.0,False,S,Southampton,False,Unknown,man,True
71,False,32.0,False,S,Southampton,False,Unknown,man,True
72,False,16.0,False,S,Southampton,False,Unknown,woman,False
73,False,21.0,False,S,Southampton,False,Unknown,man,True
74,False,26.0,False,C,Cherbourg,False,Unknown,man,True
75,False,32.0,False,S,Southampton,False,Unknown,man,True
76,False,25.0,False,S,Southampton,True,F,man,True
77,True,25.0,False,S,Southampton,False,Unknown,man,True
78,True,25.0,False,S,Southampton,False,Unknown,man,True
79,False,0.83,False,S,Southampton,False,Unknown,child,False
80,False,30.0,False,S,Southampton,False,Unknown,woman,False
81,False,22.0,False,S,Southampton,False,Unknown,man,True
82,False,29.0,False,S,Southampton,False,Unknown,man,True
83,True,21.5,False,Q,Queenstown,False,Unknown,woman,False
84,False,28.0,False,S,Southampton,False,Unknown,man,True
85,False,17.0,False,S,Southampton,False,Unknown,woman,False
86,False,33.0,False,S,Southampton,False,Unknown,woman,False
87,False,16.0,False,S,Southampton,False,Unknown,man,True
88,True,25.0,False,S,Southampton,False,Unknown,man,True
89,False,23.0,False,S,Southampton,True,C,woman,False
90,False,24.0,False,S,Southampton,False,Unknown,man,True
91,False,29.0,False,S,Southampton,False,Unknown,man,True
92,False,20.0,False,S,Southampton,False,Unknown,man,True
93,False,46.0,False,S,Southampton,True,E,man,True
94,False,26.0,False,S,Southampton,False,Unknown,man,True
95,False,59.0,False,S,Southampton,False,Unknown,man,True
96,True,25.0,False,S,Southampton,False,Unknown,man,True
97,False,71.0,False,C,Cherbourg,True,A,man,True
98,False,23.0,False,C,Cherbourg,True,D,man,True
99,False,34.0,False,S,Southampton,False,Unknown,woman,False
100,False,34.0,False,S,Southampton,False,Unknown,man,True
101,False,28.0,False,S,Southampton,False,Unknown,woman,False
102,True,25.0,False,S,Southampton,False,Unknown,man,True
103,False,21.0,False,S,Southampton,True,D,man,True
104,False,33.0,False,S,Southampton,False,Unknown,man,True
105,False,37.0,False,S,Southampton,False,Unknown,man,True
106,False,28.0,False,S,Southampton,False,Unknown,man,True
107,False,21.0,False,S,Southampton,False,Unknown,woman,False
108,True,25.0,False,S,Southampton,False,Unknown,man,True
109,False,38.0,False,S,Southampton,False,Unknown,man,True
110,True,21.5,False,Q,Queenstown,False,Unknown,woman,False
111,False,47.0,False,S,Southampton,True,C,man,True
112,False,14.5,False,C,Cherbourg,False,Unknown,child,False
113,False,22.0,False,S,Southampton,False,Unknown,man,True
114,False,20.0,False,S,Southampton,False,Unknown,woman,False
115,False,17.0,False,C,Cherbourg,False,Unknown,woman,False
116,False,21.0,False,S,Southampton,False,Unknown,man,True
117,False,70.5,False,Q,Queenstown,False,Unknown,man,True
118,False,29.0,False,S,Southampton,False,Unknown,man,True
119,False,24.0,False,C,Cherbourg,True,B,man,True
120,False,2.0,False,S,Southampton,False,Unknown,child,False
121,False,21.0,False,S,Southampton,False,Unknown,man,True
122,True,25.0,False,S,Southampton,False,Unknown,man,True
123,False,32.5,False,C,Cherbourg,False,Unknown,man,True
124,False,32.5,False,S,Southampton,True,E,woman,False
125,False,54.0,False,S,Southampton,True,D,man,True
126,False,12.0,False,C,Cherbourg,False,Unknown,child,False
127,True,25.0,False,Q,Queenstown,False,Unknown,man,True
128,False,24.0,False,S,Southampton,False,Unknown,man,True
129,True,21.5,False,C,Cherbourg,True,F,woman,False
130,False,45.0,False,S,Southampton,False,Unknown,man,True
131,False,33.0,False,C,Cherbourg,False,Unknown,man,True
132,False,20.0,False,S,Southampton,False,Unknown,man,True
133,False,47.0,False,S,Southampton,False,Unknown,woman,False
134,False,29.0,False,S,Southampton,False,Unknown,woman,False
135,False,25.0,False,S,Southampton,False,Unknown,man,True
136,False,23.0,False,C,Cherbourg,False,Unknown,man,True
137,False,19.0,False,S,Southampton,True,D,woman,False
138,False,37.0,False,S,Southampton,True,C,man,True
139,False,16.0,False,S,Southampton,False,Unknown,man,True
140,False,24.0,False,C,Cherbourg,True,B,man,True
141,True,21.5,False,C,Cherbourg,False,Unknown,woman,False
142,False,22.0,False,S,Southampton,False,Unknown,woman,False
143,False,24.0,False,S,Southampton,False,Unknown,woman,False
144,False,19.0,False,Q,Queenstown,False,Unknown,man,True
145,False,18.0,False,S,Southampton,False,Unknown,man,True
146,False,19.0,False,S,Southampton,False,Unknown,man,True
147,False,27.0,False,S,Southampton,False,Unknown,man,True
148,False,9.0,False,S,Southampton,False,Unknown,child,False
149,False,36.5,False,S,Southampton,True,F,man,True
150,False,42.0,False,S,Southampton,False,Unknown,man,True
151,False,51.0,False,S,Southampton,False,Unknown,man,True
152,False,22.0,False,S,Southampton,True,C,woman,False
153,False,55.5,False,S,Southampton,False,Unknown,man,True
154,False,40.5,False,S,Southampton,False,Unknown,man,True
155,True,25.0,False,S,Southampton,False,Unknown,man,True
156,False,51.0,False,C,Cherbourg,False,Unknown,man,True
157,False,16.0,False,Q,Queenstown,False,Unknown,woman,False
158,False,30.0,False,S,Southampton,False,Unknown,man,True
159,True,25.0,False,S,Southampton,False,Unknown,man,True
160,True,25.0,False,S,Southampton,False,Unknown,man,True
161,False,44.0,False,S,Southampton,False,Unknown,man,True
162,False,40.0,False,S,Southampton,False,Unknown,woman,False
163,False,26.0,False,S,Southampton,False,Unknown,man,True
164,False,17.0,False,S,Southampton,False,Unknown,man,True
165,False,1.0,False,S,Southampton,False,Unknown,child,False
166,False,9.0,False,S,Southampton,False,Unknown,child,False
167,True,35.0,False,S,Southampton,True,E,woman,False
168,False,45.0,False,S,Southampton,False,Unknown,woman,False
169,True,40.0,False,S,Southampton,False,Unknown,man,True
170,False,28.0,False,S,Southampton,False,Unknown,man,True
171,False,61.0,False,S,Southampton,True,B,man,True
172,False,4.0,False,Q,Queenstown,False,Unknown,child,False
173,False,1.0,False,S,Southampton,False,Unknown,child,False
174,False,21.0,False,S,Southampton,False,Unknown,man,True
175,False,56.0,False,C,Cherbourg,True,A,man,True
176,False,18.0,False,S,Southampton,False,Unknown,man,True
177,True,25.0,False,S,Southampton,False,Unknown,man,True
178,False,50.0,False,C,Cherbourg,True,C,woman,False
179,False,30.0,False,S,Southampton,False,Unknown,man,True
180,False,36.0,False,S,Southampton,False,Unknown,man,True
181,True,21.5,False,S,Southampton,False,Unknown,woman,False
182,True,30.0,False,C,Cherbourg,False,Unknown,man,True
183,False,9.0,False,S,Southampton,False,Unknown,child,False
184,False,1.0,False,S,Southampton,True,F,child,False
185,False,4.0,False,S,Southampton,False,Unknown,child,False
186,True,40.0,False,S,Southampton,True,A,man,True
187,True,21.5,False,Q,Queenstown,False,Unknown,woman,False
188,False,45.0,False,S,Southampton,False,Unknown,man,True
189,False,40.0,False,Q,Queenstown,False,Unknown,man,True
190,False,36.0,False,S,Southampton,False,Unknown,man,True
191,False,32.0,False,S,Southampton,False,Unknown,woman,False
192,False,19.0,False,S,Southampton,False,Unknown,man,True
193,False,19.0,False,S,Southampton,False,Unknown,woman,False
194,False,3.0,False,S,Southampton,True,F,child,False
195,False,44.0,False,C,Cherbourg,True,B,woman,False
196,False,58.0,False,C,Cherbourg,True,B,woman,False
197,True,25.0,False,Q,Queenstown,False,Unknown,man,True
198,False,42.0,False,S,Southampton,False,Unknown,man,True
199,True,21.5,False,Q,Queenstown,False,Unknown,woman,False
200,False,24.0,False,S,Southampton,False,Unknown,woman,False
201,False,28.0,False,S,Southampton,False,Unknown,man,True
202,True,25.0,False,S,Southampton,False,Unknown,man,True
203,False,34.0,False,S,Southampton,False,Unknown,man,True
204,False,45.5,False,C,Cherbourg,False,Unknown,man,True
205,False,18.0,False,S,Southampton,False,Unknown,man,True
206,False,2.0,False,S,Southampton,True,G,child,False
207,False,32.0,False,S,Southampton,False,Unknown,man,True
208,False,26.0,False,C,Cherbourg,False,Unknown,man,True
209,False,16.0,False,Q,Queenstown,False,Unknown,woman,False
210,False,40.0,False,C,Cherbourg,True,A,man,True
211,False,24.0,False,S,Southampton,False,Unknown,man,True
212,False,35.0,False,S,Southampton,False,Unknown,woman,False
213,False,22.0,False,S,Southampton,False,Unknown,man,True
214,False,30.0,False,S,Southampton,False,Unknown,man,True
215,True,25.0,False,Q,Queenstown,False,Unknown,man,True
216,False,31.0,False,C,Cherbourg,True,D,woman,False
217,False,27.0,False,S,Southampton,False,Unknown,woman,False
218,False,42.0,False,S,Southampton,False,Unknown,man,True
219,False,32.0,False,C,Cherbourg,True,D,woman,False
220,False,30.0,False,S,Southampton,False,Unknown,man,True
221,False,16.0,False,S,Southampton,False,Unknown,man,True
222,False,27.0,False,S,Southampton,False,Unknown,man,True
223,False,51.0,False,S,Southampton,False,Unknown,man,True
224,True,25.0,False,S,Southampton,False,Unknown,man,True
225,False,38.0,False,S,Southampton,True,C,man,True
226,False,22.0,False,S,Southampton,False,Unknown,man,True
227,False,19.0,False,S,Southampton,False,Unknown,man,True
228,False,20.5,False,S,Southampton,False,Unknown,man,True
229,False,18.0,False,S,Southampton,False,Unknown,man,True
230,True,21.5,False,S,Southampton,False,Unknown,woman,False
231,False,35.0,False,S,Southampton,True,C,woman,False
232,False,29.0,False,S,Southampton,False,Unknown,man,True
233,False,59.0,False,S,Southampton,False,Unknown,man,True
234,False,5.0,False,S,Southampton,False,Unknown,child,False
235,False,24.0,False,S,Southampton,False,Unknown,man,True
236,True,21.5,False,S,Southampton,False,Unknown,woman,False
237,False,44.0,False,S,Southampton,False,Unknown,man,True
238,False,8.0,False,S,Southampton,False,Unknown,child,False
239,False,19.0,False,S,Southampton,False,Unknown,man,True
240,False,33.0,False,S,Southampton,False,Unknown,man,True
241,True,21.5,False,C,Cherbourg,False,Unknown,woman,False
242,True,21.5,False,Q,Queenstown,False,Unknown,woman,False
243,False,29.0,False,S,Southampton,False,Unknown,man,True
244,False,22.0,False,S,Southampton,False,Unknown,man,True
245,False,30.0,False,C,Cherbourg,False,Unknown,man,True
246,False,44.0,False,Q,Queenstown,True,C,man,True
247,False,25.0,False,S,Southampton,False,Unknown,woman,False
248,False,24.0,False,S,Southampton,False,Unknown,woman,False
249,False,37.0,False,S,Southampton,True,D,man,True
250,False,54.0,False,S,Southampton,False,Unknown,man,True
251,True,25.0,False,S,Southampton,False,Unknown,man,True
252,False,29.0,False,S,Southampton,True,G,woman,False
253,False,62.0,False,S,Southampton,True,C,man,True
254,False,30.0,False,S,Southampton,False,Unknown,man,True
255,False,41.0,False,S,Southampton,False,Unknown,woman,False
256,False,29.0,False,C,Cherbourg,False,Unknown,woman,False
257,True,35.0,False,C,Cherbourg,False,Unknown,woman,False
258,False,30.0,False,S,Southampton,True,B,woman,False
259,False,35.0,False,C,Cherbourg,False,Unknown,woman,False
260,False,50.0,False,S,Southampton,False,Unknown,woman,False
261,True,25.0,False,Q,Queenstown,False,Unknown,man,True
262,False,3.0,False,S,Southampton,False,Unknown,child,False
263,False,52.0,False,S,Southampton,True,E,man,True
264,False,40.0,False,S,Southampton,True,B,man,True
265,True,21.5,False,Q,Queenstown,False,Unknown,woman,False
266,False,36.0,False,S,Southampton,False,Unknown,man,True
267,False,16.0,False,S,Southampton,False,Unknown,man,True
268,False,25.0,False,S,Southampton,False,Unknown,man,True
269,False,58.0,False,S,Southampton,True,C,woman,False
270,False,35.0,False,S,Southampton,True,C,woman,False
271,True,40.0,False,S,Southampton,False,Unknown,man,True
272,False,25.0,False,S,Southampton,False,Unknown,man,True
273,False,41.0,False,S,Southampton,False,Unknown,woman,False
274,False,37.0,False,C,Cherbourg,True,C,man,True
275,True,21.5,False,Q,Queenstown,False,Unknown,woman,False
276,False,63.0,False,S,Southampton,True,D,woman,False
277,False,45.0,False,S,Southampton,False,Unknown,woman,False
278,True,30.0,False,S,Southampton,False,Unknown,man,True
279,False,7.0,False,Q,Queenstown,False,Unknown,child,False
280,False,35.0,False,S,Southampton,False,Unknown,woman,False
281,False,65.0,False,Q,Queenstown,False,Unknown,man,True
282,False,28.0,False,S,Southampton,False,Unknown,man,True
283,False,16.0,False,S,Southampton,False,Unknown,man,True
284,False,19.0,False,S,Southampton,False,Unknown,man,True
285,True,40.0,False,S,Southampton,True,A,man,True
286,False,33.0,False,C,Cherbourg,False,Unknown,man,True
287,False,30.0,False,S,Southampton,False,Unknown,man,True
288,False,22.0,False,S,Southampton,False,Unknown,man,True
289,False,42.0,False,S,Southampton,False,Unknown,man,True
290,False,22.0,False,Q,Queenstown,False,Unknown,woman,False
291,False,26.0,False,S,Southampton,False,Unknown,woman,False
292,False,19.0,False,C,Cherbourg,True,B,woman,False
293,False,36.0,False,C,Cherbourg,True,D,man,True
294,False,24.0,False,S,Southampton,False,Unknown,woman,False
295,False,24.0,False,S,Southampton,False,Unknown,man,True
296,True,40.0,False,C,Cherbourg,False,Unknown,man,True
297,False,23.5,False,C,Cherbourg,False,Unknown,man,True
298,False,2.0,False,S,Southampton,True,C,child,False
299,True,40.0,False,S,Southampton,True,C,man,True
300,False,50.0,False,C,Cherbourg,True,B,woman,False
301,True,21.5,False,Q,Queenstown,False,Unknown,woman,False
302,True,25.0,False,Q,Queenstown,False,Unknown,man,True
303,False,19.0,False,S,Southampton,False,Unknown,man,True
304,True,28.0,False,Q,Queenstown,True,E,woman,False
305,True,25.0,False,S,Southampton,False,Unknown,man,True
306,False,0.92,False,S,Southampton,True,C,child,False
307,True,35.0,False,C,Cherbourg,False,Unknown,woman,False
308,False,17.0,False,C,Cherbourg,True,C,woman,False
309,False,30.0,False,C,Cherbourg,False,Unknown,man,True
310,False,30.0,False,C,Cherbourg,True,E,woman,False
311,False,24.0,False,C,Cherbourg,True,C,woman,False
312,False,18.0,False,C,Cherbourg,True,B,woman,False
313,False,26.0,False,S,Southampton,False,Unknown,woman,False
314,False,28.0,False,S,Southampton,False,Unknown,man,True
315,False,43.0,False,S,Southampton,False,Unknown,man,True
316,False,26.0,False,S,Southampton,False,Unknown,woman,False
317,False,24.0,False,S,Southampton,False,Unknown,woman,False
318,False,54.0,False,S,Southampton,False,Unknown,man,True
319,False,31.0,False,S,Southampton,True,C,woman,False
320,False,40.0,False,C,Cherbourg,True,E,woman,False
321,False,22.0,False,S,Southampton,False,Unknown,man,True
322,False,27.0,False,S,Southampton,False,Unknown,man,True
323,False,30.0,False,Q,Queenstown,False,Unknown,woman,False
324,False,22.0,False,S,Southampton,False,Unknown,woman,False
325,True,25.0,False,S,Southampton,False,Unknown,man,True
326,False,36.0,False,C,Cherbourg,True,C,woman,False
327,False,61.0,False,S,Southampton,False,Unknown,man,True
328,False,36.0,False,S,Southampton,True,D,woman,False
329,False,31.0,False,S,Southampton,False,Unknown,woman,False
330,False,16.0,False,C,Cherbourg,True,B,woman,False
331,True,21.5,False,Q,Queenstown,False,Unknown,woman,False
332,False,45.5,False,S,Southampton,True,C,man,True
333,False,38.0,False,S,Southampton,True,C,man,True
334,False,16.0,False,S,Southampton,False,Unknown,man,True
335,True,35.0,False,S,Southampton,False,Unknown,woman,False
336,True,25.0,False,S,Southampton,False,Unknown,man,True
337,False,29.0,False,S,Southampton,True,C,man,True
338,False,41.0,False,C,Cherbourg,True,E,woman,False
339,False,45.0,False,S,Southampton,False,Unknown,man,True
340,False,45.0,False,S,Southampton,False,Unknown,man,True
341,False,2.0,False,S,Southampton,True,F,child,False
342,False,24.0,False,S,Southampton,True,C,woman,False
343,False,28.0,False,S,Southampton,False,Unknown,man,True
344,False,25.0,False,S,Southampton,False,Unknown,man,True
345,False,36.0,False,S,Southampton,False,Unknown,man,True
346,False,24.0,False,S,Southampton,True,F,woman,False
347,False,40.0,False,S,Southampton,False,Unknown,woman,False
348,True,21.5,False,S,Southampton,False,Unknown,woman,False
349,False,3.0,False,S,Southampton,False,Unknown,child,False
350,False,42.0,False,S,Southampton,False,Unknown,man,True
351,False,23.0,False,S,Southampton,False,Unknown,man,True
352,True,40.0,False,S,Southampton,True,C,man,True
353,False,15.0,False,C,Cherbourg,False,Unknown,child,False
354,False,25.0,False,S,Southampton,False,Unknown,man,True
355,True,25.0,False,C,Cherbourg,False,Unknown,man,True
356,False,28.0,False,S,Southampton,False,Unknown,man,True
357,False,22.0,False,S,Southampton,True,E,woman,False
358,False,38.0,False,S,Southampton,False,Unknown,woman,False
359,True,21.5,False,Q,Queenstown,False,Unknown,woman,False
360,True,21.5,False,Q,Queenstown,False,Unknown,woman,False
361,False,40.0,False,S,Southampton,False,Unknown,man,True
362,False,29.0,False,C,Cherbourg,False,Unknown,man,True
363,False,45.0,False,C,Cherbourg,False,Unknown,woman,False
364,False,35.0,False,S,Southampton,False,Unknown,man,True
365,True,25.0,False,Q,Queenstown,False,Unknown,man,True
366,False,30.0,False,S,Southampton,False,Unknown,man,True
367,False,60.0,False,C,Cherbourg,True,D,woman,False
368,True,21.5,False,C,Cherbourg,False,Unknown,woman,False
369,True,21.5,False,Q,Queenstown,False,Unknown,woman,False
370,False,24.0,False,C,Cherbourg,True,B,woman,False
371,False,25.0,False,C,Cherbourg,True,E,man,True
372,False,18.0,False,S,Southampton,False,Unknown,man,True
373,False,19.0,False,S,Southampton,False,Unknown,man,True
374,False,22.0,False,C,Cherbourg,False,Unknown,man,True
375,False,3.0,False,S,Southampton,False,Unknown,child,False
376,True,35.0,False,C,Cherbourg,False,Unknown,woman,False
377,False,22.0,False,S,Southampton,False,Unknown,woman,False
378,False,27.0,False,C,Cherbourg,True,C,man,True
379,False,20.0,False,C,Cherbourg,False,Unknown,man,True
380,False,19.0,False,S,Southampton,False,Unknown,man,True
381,False,42.0,False,C,Cherbourg,False,Unknown,woman,False
382,False,1.0,False,C,Cherbourg,False,Unknown,child,False
383,False,32.0,False,S,Southampton,False,Unknown,man,True
384,False,35.0,False,S,Southampton,False,Unknown,woman,False
385,True,25.0,False,S,Southampton,False,Unknown,man,True
386,False,18.0,False,S,Southampton,False,Unknown,man,True
387,False,1.0,False,S,Southampton,False,Unknown,child,False
388,False,36.0,False,S,Southampton,False,Unknown,woman,False
389,True,25.0,False,Q,Queenstown,False,Unknown,man,True
390,False,17.0,False,C,Cherbourg,False,Unknown,woman,False
391,False,36.0,False,S,Southampton,True,B,man,True
392,False,21.0,False,S,Southampton,False,Unknown,man,True
393,False,28.0,False,S,Southampton,False,Unknown,man,True
394,False,23.0,False,C,Cherbourg,True,D,woman,False
395,False,24.0,False,S,Southampton,True,G,woman,False
396,False,22.0,False,S,Southampton,False,Unknown,man,True
397,False,31.0,False,S,Southampton,False,Unknown,woman,False
398,False,46.0,False,S,Southampton,False,Unknown,man,True
399,False,23.0,False,S,Southampton,False,Unknown,man,True
400,False,28.0,False,S,Southampton,False,Unknown,woman,False
401,False,39.0,False,S,Southampton,False,Unknown,man,True
402,False,26.0,False,S,Southampton,False,Unknown,man,True
403,False,21.0,False,S,Southampton,False,Unknown,woman,False
404,False,28.0,False,S,Southampton,False,Unknown,man,True
405,False,20.0,False,S,Southampton,False,Unknown,woman,False
406,False,34.0,False,S,Southampton,False,Unknown,man,True
407,False,51.0,False,S,Southampton,False,Unknown,man,True
408,False,3.0,False,S,Southampton,False,Unknown,child,False
409,False,21.0,False,S,Southampton,False,Unknown,man,True
410,True,21.5,False,S,Southampton,False,Unknown,woman,False
411,True,25.0,False,S,Southampton,False,Unknown,man,True
412,True,25.0,False,Q,Queenstown,False,Unknown,man,True
413,False,33.0,False,Q,Queenstown,True,C,woman,False
414,True,30.0,False,S,Southampton,False,Unknown,man,True
415,False,44.0,False,S,Southampton,False,Unknown,man,True
416,True,21.5,False,S,Southampton,False,Unknown,woman,False
417,False,34.0,False,S,Southampton,False,Unknown,woman,False
418,False,18.0,False,S,Southampton,False,Unknown,woman,False
419,False,30.0,False,S,Southampton,False,Unknown,man,True
420,False,10.0,False,S,Southampton,False,Unknown,child,False
421,True,25.0,False,C,Cherbourg,False,Unknown,man,True
422,False,21.0,False,Q,Queenstown,False,Unknown,man,True
423,False,29.0,False,S,Southampton,False,Unknown,man,True
424,False,28.0,False,S,Southampton,False,Unknown,woman,False
425,False,18.0,False,S,Southampton,False,Unknown,man,True
426,True,25.0,False,S,Southampton,False,Unknown,man,True
427,False,28.0,False,S,Southampton,False,Unknown,woman,False
428,False,19.0,False,S,Southampton,False,Unknown,woman,False
429,True,25.0,False,Q,Queenstown,False,Unknown,man,True
430,False,32.0,False,S,Southampton,True,E,man,True
431,False,28.0,False,S,Southampton,True,C,man,True
432,True,21.5,False,S,Southampton,False,Unknown,woman,False
433,False,42.0,False,S,Southampton,False,Unknown,woman,False
434,False,17.0,False,S,Southampton,False,Unknown,man,True
435,False,50.0,False,S,Southampton,True,E,man,True
436,False,14.0,False,S,Southampton,True,B,child,False
437,False,21.0,False,S,Southampton,False,Unknown,woman,False
438,False,24.0,False,S,Southampton,False,Unknown,woman,False
439,False,64.0,False,S,Southampton,True,C,man,True
440,False,31.0,False,S,Southampton,False,Unknown,man,True
441,False,45.0,False,S,Southampton,False,Unknown,woman,False
442,False,20.0,False,S,Southampton,False,Unknown,man,True
443,False,25.0,False,S,Southampton,False,Unknown,man,True
444,False,28.0,False,S,Southampton,False,Unknown,woman,False
445,True,25.0,False,S,Southampton,False,Unknown,man,True
446,False,4.0,False,S,Southampton,True,A,child,False
447,False,13.0,False,S,Southampton,False,Unknown,child,False
448,False,34.0,False,S,Southampton,False,Unknown,man,True
449,False,5.0,False,C,Cherbourg,False,Unknown,child,False
450,False,52.0,False,S,Southampton,True,C,man,True
451,False,36.0,False,S,Southampton,False,Unknown,man,True
452,True,25.0,False,S,Southampton,False,Unknown,man,True
453,False,30.0,False,C,Cherbourg,True,C,man,True
454,False,49.0,False,C,Cherbourg,True,C,man,True
455,True,25.0,False,S,Southampton,False,Unknown,man,True
456,False,29.0,False,C,Cherbourg,False,Unknown,man,True
457,False,65.0,False,S,Southampton,True,E,man,True
458,True,35.0,False,S,Southampton,True,D,woman,False
459,False,50.0,False,S,Southampton,False,Unknown,woman,False
460,True,25.0,False,Q,Queenstown,False,Unknown,man,True
461,False,48.0,False,S,Southampton,True,E,man,True
462,False,34.0,False,S,Southampton,False,Unknown,man,True
463,False,47.0,False,S,Southampton,True,E,man,True
464,False,48.0,False,S,Southampton,False,Unknown,man,True
465,True,25.0,False,S,Southampton,False,Unknown,man,True
466,False,38.0,False,S,Southampton,False,Unknown,man,True
467,True,30.0,False,S,Southampton,False,Unknown,man,True
468,False,56.0,False,S,Southampton,False,Unknown,man,True
469,True,25.0,False,Q,Queenstown,False,Unknown,man,True
470,False,0.75,False,C,Cherbourg,False,Unknown,child,False
471,True,25.0,False,S,Southampton,False,Unknown,man,True
472,False,38.0,False,S,Southampton,False,Unknown,man,True
473,False,33.0,False,S,Southampton,False,Unknown,woman,False
474,False,23.0,False,C,Cherbourg,True,D,woman,False
475,False,22.0,False,S,Southampton,False,Unknown,woman,False
476,True,40.0,False,S,Southampton,True,A,man,True
477,False,34.0,False,S,Southampton,False,Unknown,man,True
478,False,29.0,False,S,Southampton,False,Unknown,man,True
479,False,22.0,False,S,Southampton,False,Unknown,man,True
480,False,2.0,False,S,Southampton,False,Unknown,child,False
481,False,9.0,False,S,Southampton,False,Unknown,child,False
482,True,30.0,False,S,Southampton,False,Unknown,man,True
483,False,50.0,False,S,Southampton,False,Unknown,man,True
484,False,63.0,False,S,Southampton,False,Unknown,woman,False
485,False,25.0,False,C,Cherbourg,True,B,man,True
486,True,21.5,False,S,Southampton,False,Unknown,woman,False
487,False,35.0,False,S,Southampton,True,C,woman,False
488,False,58.0,False,C,Cherbourg,True,B,man,True
489,False,30.0,False,S,Southampton,False,Unknown,man,True
490,False,9.0,False,S,Southampton,False,Unknown,child,False
491,True,25.0,False,S,Southampton,False,Unknown,man,True
492,False,21.0,False,S,Southampton,False,Unknown,man,True
493,False,55.0,False,S,Southampton,True,C,man,True
494,False,71.0,False,C,Cherbourg,False,Unknown,man,True
495,False,21.0,False,S,Southampton,False,Unknown,man,True
496,True,25.0,False,C,Cherbourg,False,Unknown,man,True
497,False,54.0,False,C,Cherbourg,True,D,woman,False
498,True,25.0,False,S,Southampton,False,Unknown,man,True
499,False,25.0,False,S,Southampton,True,C,woman,False
500,False,24.0,False,S,Southampton,False,Unknown,man,True
501,False,17.0,False,S,Southampton,False,Unknown,man,True
502,False,21.0,False,Q,Queenstown,False,Unknown,woman,False
503,True,21.5,False,Q,Queenstown,False,Unknown,woman,False
504,False,37.0,False,S,Southampton,False,Unknown,woman,False
505,False,16.0,False,S,Southampton,True,B,woman,False
506,False,18.0,False,C,Cherbourg,True,C,man,True
507,False,33.0,False,S,Southampton,False,Unknown,woman,False
508,True,40.0,False,S,Southampton,False,Unknown,man,True
509,False,28.0,False,S,Southampton,False,Unknown,man,True
510,False,26.0,False,S,Southampton,False,Unknown,man,True
511,False,29.0,False,Q,Queenstown,False,Unknown,man,True
512,True,25.0,False,S,Southampton,False,Unknown,man,True
513,False,36.0,False,S,Southampton,True,E,man,True
514,False,54.0,False,C,Cherbourg,False,Unknown,woman,False
515,False,24.0,False,S,Southampton,False,Unknown,man,True
516,False,47.0,False,S,Southampton,True,D,man,True
517,False,34.0,False,S,Southampton,True,F,woman,False
518,True,25.0,False,Q,Queenstown,False,Unknown,man,True
519,False,36.0,False,S,Southampton,False,Unknown,woman,False
520,False,32.0,False,S,Southampton,False,Unknown,man,True
521,False,30.0,False,S,Southampton,True,B,woman,False
522,False,22.0,False,S,Southampton,False,Unknown,man,True
523,True,25.0,False,C,Cherbourg,False,Unknown,man,True
524,False,44.0,False,C,Cherbourg,True,B,woman,False
525,True,25.0,False,C,Cherbourg,False,Unknown,man,True
526,False,40.5,False,Q,Queenstown,False,Unknown,man,True
527,False,50.0,False,S,Southampton,False,Unknown,woman,False
528,True,40.0,False,S,Southampton,True,C,man,True
529,False,39.0,False,S,Southampton,False,Unknown,man,True
530,False,23.0,False,S,Southampton,False,Unknown,man,True
531,False,2.0,False,S,Southampton,False,Unknown,child,False
532,True,25.0,False,C,Cherbourg,False,Unknown,man,True
533,False,17.0,False,C,Cherbourg,False,Unknown,man,True
534,True,21.5,False,C,Cherbourg,False,Unknown,woman,False
535,False,30.0,False,S,Southampton,False,Unknown,woman,False
536,False,7.0,False,S,Southampton,False,Unknown,child,False
537,False,45.0,False,S,Southampton,True,B,man,True
538,False,30.0,False,C,Cherbourg,False,Unknown,woman,False
539,True,25.0,False,S,Southampton,False,Unknown,man,True
540,False,22.0,False,C,Cherbourg,True,B,woman,False
541,False,36.0,False,S,Southampton,True,B,woman,False
542,False,9.0,False,S,Southampton,False,Unknown,child,False
543,False,11.0,False,S,Southampton,False,Unknown,child,False
544,False,32.0,False,S,Southampton,False,Unknown,man,True
545,False,50.0,False,C,Cherbourg,True,C,man,True
546,False,64.0,False,S,Southampton,False,Unknown,man,True
547,False,19.0,False,S,Southampton,False,Unknown,woman,False
548,True,30.0,False,C,Cherbourg,False,Unknown,man,True
549,False,33.0,False,S,Southampton,False,Unknown,man,True
550,False,8.0,False,S,Southampton,False,Unknown,child,False
551,False,17.0,False,C,Cherbourg,True,C,man,True
552,False,27.0,False,S,Southampton,False,Unknown,man,True
553,True,25.0,False,Q,Queenstown,False,Unknown,man,True
554,False,22.0,False,C,Cherbourg,False,Unknown,man,True
555,False,22.0,False,S,Southampton,False,Unknown,woman,False
556,False,62.0,False,S,Southampton,False,Unknown,man,True
557,False,48.0,False,C,Cherbourg,True,A,woman,False
558,True,40.0,False,C,Cherbourg,False,Unknown,man,True
559,False,39.0,False,S,Southampton,True,E,woman,False
560,False,36.0,False,S,Southampton,False,Unknown,woman,False
561,True,25.0,False,Q,Queenstown,False,Unknown,man,True
562,False,40.0,False,S,Southampton,False,Unknown,man,True
563,False,28.0,False,S,Southampton,False,Unknown,man,True
564,True,25.0,False,S,Southampton,False,Unknown,man,True
565,True,21.5,False,S,Southampton,False,Unknown,woman,False
566,False,24.0,False,S,Southampton,False,Unknown,man,True
567,False,19.0,False,S,Southampton,False,Unknown,man,True
568,False,29.0,False,S,Southampton,False,Unknown,woman,False
569,True,25.0,False,C,Cherbourg,False,Unknown,man,True
570,False,32.0,False,S,Southampton,False,Unknown,man,True
571,False,62.0,False,S,Southampton,False,Unknown,man,True
572,False,53.0,False,S,Southampton,True,C,woman,False
573,False,36.0,False,S,Southampton,True,E,man,True
574,True,21.5,False,Q,Queenstown,False,Unknown,woman,False
575,False,16.0,False,S,Southampton,False,Unknown,man,True
576,False,19.0,False,S,Southampton,False,Unknown,man,True
577,False,34.0,False,S,Southampton,False,Unknown,woman,False
578,False,39.0,False,S,Southampton,True,E,woman,False
579,True,21.5,False,C,Cherbourg,False,Unknown,woman,False
580,False,32.0,False,S,Southampton,False,Unknown,man,True
581,False,25.0,False,S,Southampton,False,Unknown,woman,False
582,False,39.0,False,C,Cherbourg,True,C,woman,False
583,False,54.0,False,S,Southampton,False,Unknown,man,True
584,False,36.0,False,C,Cherbourg,True,A,man,True
585,True,25.0,False,C,Cherbourg,False,Unknown,man,True
586,False,18.0,False,S,Southampton,True,E,woman,False
587,False,47.0,False,S,Southampton,False,Unknown,man,True
588,False,60.0,False,C,Cherbourg,True,B,man,True
589,False,22.0,False,S,Southampton,False,Unknown,man,True
590,True,25.0,False,S,Southampton,False,Unknown,man,True
591,False,35.0,False,S,Southampton,False,Unknown,man,True
592,False,52.0,False,C,Cherbourg,True,D,woman,False
593,False,47.0,False,S,Southampton,False,Unknown,man,True
594,True,21.5,False,Q,Queenstown,False,Unknown,woman,False
595,False,37.0,False,S,Southampton,False,Unknown,man,True
596,False,36.0,False,S,Southampton,False,Unknown,man,True
597,True,28.0,False,S,Southampton,False,Unknown,woman,False
598,False,49.0,False,S,Southampton,False,Unknown,man,True
599,True,25.0,False,C,Cherbourg,False,Unknown,man,True
600,False,49.0,False,C,Cherbourg,True,A,man,True
601,False,24.0,False,S,Southampton,False,Unknown,woman,False
602,True,25.0,False,S,Southampton,False,Unknown,man,True
603,True,40.0,False,S,Southampton,False,Unknown,man,True
604,False,44.0,False,S,Southampton,False,Unknown,man,True
605,False,35.0,False,C,Cherbourg,False,Unknown,man,True
606,False,36.0,False,S,Southampton,False,Unknown,man,True
607,False,30.0,False,S,Southampton,False,Unknown,man,True
608,False,27.0,False,S,Southampton,False,Unknown,man,True
609,False,22.0,False,C,Cherbourg,False,Unknown,woman,False
610,False,40.0,False,S,Southampton,True,C,woman,False
611,False,39.0,False,S,Southampton,False,Unknown,woman,False
612,True,25.0,False,S,Southampton,False,Unknown,man,True
613,True,21.5,False,Q,Queenstown,False,Unknown,woman,False
614,True,25.0,False,Q,Queenstown,False,Unknown,man,True
615,False,35.0,False,S,Southampton,False,Unknown,man,True
616,False,24.0,False,S,Southampton,False,Unknown,woman,False
617,False,34.0,False,S,Southampton,False,Unknown,man,True
618,False,26.0,False,S,Southampton,False,Unknown,woman,False
619,False,4.0,False,S,Southampton,True,F,child,False
620,False,26.0,False,S,Southampton,False,Unknown,man,True
621,False,27.0,False,C,Cherbourg,False,Unknown,man,True
622,False,42.0,False,S,Southampton,True,D,man,True
623,False,20.0,False,C,Cherbourg,False,Unknown,man,True
624,False,21.0,False,S,Southampton,False,Unknown,man,True
625,False,21.0,False,S,Southampton,False,Unknown,man,True
626,False,61.0,False,S,Southampton,True,D,man,True
627,False,57.0,False,Q,Queenstown,False,Unknown,man,True
628,False,21.0,False,S,Southampton,True,D,woman,False
629,False,26.0,False,S,Southampton,False,Unknown,man,True
630,True,25.0,False,Q,Queenstown,False,Unknown,man,True
631,False,80.0,False,S,Southampton,True,A,man,True
632,False,51.0,False,S,Southampton,False,Unknown,man,True
633,False,32.0,False,C,Cherbourg,True,B,man,True
634,True,40.0,False,S,Southampton,False,Unknown,man,True
635,False,9.0,False,S,Southampton,False,Unknown,child,False
636,False,28.0,False,S,Southampton,False,Unknown,woman,False
637,False,32.0,False,S,Southampton,False,Unknown,man,True
638,False,31.0,False,S,Southampton,False,Unknown,man,True
639,False,41.0,False,S,Southampton,False,Unknown,woman,False
640,True,25.0,False,S,Southampton,False,Unknown,man,True
641,False,20.0,False,S,Southampton,False,Unknown,man,True
642,False,24.0,False,C,Cherbourg,True,B,woman,False
643,False,2.0,False,S,Southampton,False,Unknown,child,False
644,True,25.0,False,S,Southampton,False,Unknown,man,True
645,False,0.75,False,C,Cherbourg,False,Unknown,child,False
646,False,48.0,False,C,Cherbourg,True,D,man,True
647,False,19.0,False,S,Southampton,False,Unknown,man,True
648,False,56.0,False,C,Cherbourg,True,A,man,True
649,True,25.0,False,S,Southampton,False,Unknown,man,True
650,False,23.0,False,S,Southampton,False,Unknown,woman,False
651,True,25.0,False,S,Southampton,False,Unknown,man,True
652,False,18.0,False,S,Southampton,False,Unknown,woman,False
653,False,21.0,False,S,Southampton,False,Unknown,man,True
654,True,21.5,False,Q,Queenstown,False,Unknown,woman,False
655,False,18.0,False,Q,Queenstown,False,Unknown,woman,False
656,False,24.0,False,S,Southampton,False,Unknown,man,True
657,True,25.0,False,S,Southampton,False,Unknown,man,True
658,False,32.0,False,Q,Queenstown,False,Unknown,woman,False
659,False,23.0,False,S,Southampton,False,Unknown,man,True
660,False,58.0,False,C,Cherbourg,True,D,man,True
661,False,50.0,False,S,Southampton,False,Unknown,man,True
662,False,40.0,False,C,Cherbourg,False,Unknown,man,True
663,False,47.0,False,S,Southampton,True,E,man,True
664,False,36.0,False,S,Southampton,False,Unknown,man,True
665,False,20.0,False,S,Southampton,False,Unknown,man,True
666,False,32.0,False,S,Southampton,False,Unknown,man,True
667,False,25.0,False,S,Southampton,False,Unknown,man,True
668,True,25.0,False,S,Southampton,False,Unknown,man,True
669,False,43.0,False,S,Southampton,False,Unknown,man,True
670,True,35.0,False,S,Southampton,True,C,woman,False
671,False,40.0,False,S,Southampton,False,Unknown,woman,False
672,False,31.0,False,S,Southampton,True,B,man,True
673,False,70.0,False,S,Southampton,False,Unknown,man,True
674,False,31.0,False,S,Southampton,False,Unknown,man,True
675,True,30.0,False,S,Southampton,False,Unknown,man,True
676,False,18.0,False,S,Southampton,False,Unknown,man,True
677,False,24.5,False,S,Southampton,False,Unknown,man,True
678,False,18.0,False,S,Southampton,False,Unknown,woman,False
679,False,43.0,False,S,Southampton,False,Unknown,woman,False
680,False,36.0,False,C,Cherbourg,True,B,man,True
681,True,21.5,False,Q,Queenstown,False,Unknown,woman,False
682,False,27.0,False,C,Cherbourg,True,D,man,True
683,False,20.0,False,S,Southampton,False,Unknown,man,True
684,False,14.0,False,S,Southampton,False,Unknown,child,False
685,False,60.0,False,S,Southampton,False,Unknown,man,True
686,False,25.0,False,C,Cherbourg,False,Unknown,man,True
687,False,14.0,False,S,Southampton,False,Unknown,child,False
688,False,19.0,False,S,Southampton,False,Unknown,man,True
689,False,18.0,False,S,Southampton,False,Unknown,man,True
690,False,15.0,False,S,Southampton,True,B,child,False
691,False,31.0,False,S,Southampton,True,B,man,True
692,False,4.0,False,C,Cherbourg,False,Unknown,child,False
693,True,25.0,False,S,Southampton,False,Unknown,man,True
694,False,25.0,False,C,Cherbourg,False,Unknown,man,True
695,False,60.0,False,S,Southampton,False,Unknown,man,True
696,False,52.0,False,S,Southampton,False,Unknown,man,True
697,False,44.0,False,S,Southampton,False,Unknown,man,True
698,True,21.5,False,Q,Queenstown,False,Unknown,woman,False
699,False,49.0,False,C,Cherbourg,True,C,man,True
700,False,42.0,False,S,Southampton,True,F,man,True
701,False,18.0,False,C,Cherbourg,True,C,woman,False
702,False,35.0,False,S,Southampton,True,E,man,True
703,False,18.0,False,C,Cherbourg,False,Unknown,woman,False
704,False,25.0,False,Q,Queenstown,False,Unknown,man,True
705,False,26.0,False,S,Southampton,False,Unknown,man,True
706,False,39.0,False,S,Southampton,False,Unknown,man,True
707,False,45.0,False,S,Southampton,False,Unknown,woman,False
708,False,42.0,False,S,Southampton,True,E,man,True
709,False,22.0,False,S,Southampton,False,Unknown,woman,False
710,True,25.0,False,C,Cherbourg,False,Unknown,man,True
711,False,24.0,False,C,Cherbourg,True,C,woman,False
712,True,40.0,False,S,Southampton,True,C,man,True
713,False,48.0,False,S,Southampton,True,C,man,True
714,False,29.0,False,S,Southampton,False,Unknown,man,True
715,False,52.0,False,S,Southampton,False,Unknown,man,True
716,False,19.0,False,S,Southampton,True,F,man,True
717,False,38.0,False,C,Cherbourg,True,C,woman,False
718,False,27.0,False,S,Southampton,True,E,woman,False
719,True,25.0,False,Q,Queenstown,False,Unknown,man,True
720,False,33.0,False,S,Southampton,False,Unknown,man,True
721,False,6.0,False,S,Southampton,False,Unknown,child,False
722,False,17.0,False,S,Southampton,False,Unknown,man,True
723,False,34.0,False,S,Southampton,False,Unknown,man,True
724,False,50.0,False,S,Southampton,False,Unknown,man,True
725,False,27.0,False,S,Southampton,True,E,man,True
726,False,20.0,False,S,Southampton,False,Unknown,man,True
727,False,30.0,False,S,Southampton,False,Unknown,woman,False
728,True,21.5,False,Q,Queenstown,False,Unknown,woman,False
729,False,25.0,False,S,Southampton,False,Unknown,man,True
730,False,25.0,False,S,Southampton,False,Unknown,woman,False
731,False,29.0,False,S,Southampton,True,B,woman,False
732,False,11.0,False,C,Cherbourg,False,Unknown,child,False
733,True,30.0,False,S,Southampton,False,Unknown,man,True
734,False,23.0,False,S,Southampton,False,Unknown,man,True
735,False,23.0,False,S,Southampton,False,Unknown,man,True
736,False,28.5,False,S,Southampton,False,Unknown,man,True
737,False,48.0,False,S,Southampton,False,Unknown,woman,False
738,False,35.0,False,C,Cherbourg,True,B,man,True
739,True,25.0,False,S,Southampton,False,Unknown,man,True
740,True,25.0,False,S,Southampton,False,Unknown,man,True
741,True,40.0,False,S,Southampton,True,D,man,True
742,False,36.0,False,S,Southampton,True,C,man,True
743,False,21.0,False,C,Cherbourg,True,B,woman,False
744,False,24.0,False,S,Southampton,False,Unknown,man,True
745,False,31.0,False,S,Southampton,False,Unknown,man,True
746,False,70.0,False,S,Southampton,True,B,man,True
747,False,16.0,False,S,Southampton,False,Unknown,man,True
748,False,30.0,False,S,Southampton,False,Unknown,woman,False
749,False,19.0,False,S,Southampton,True,D,man,True
750,False,31.0,False,Q,Queenstown,False,Unknown,man,True
751,False,4.0,False,S,Southampton,False,Unknown,child,False
752,False,6.0,False,S,Southampton,True,E,child,False
753,False,33.0,False,S,Southampton,False,Unknown,man,True
754,False,23.0,False,S,Southampton,False,Unknown,man,True
755,False,48.0,False,S,Southampton,False,Unknown,woman,False
756,False,0.67,False,S,Southampton,False,Unknown,child,False
757,False,28.0,False,S,Southampton,False,Unknown,man,True
758,False,18.0,False,S,Southampton,False,Unknown,man,True
759,False,34.0,False,S,Southampton,False,Unknown,man,True
760,False,33.0,False,S,Southampton,True,B,woman,False
761,True,25.0,False,S,Southampton,False,Unknown,man,True
762,False,41.0,False,S,Southampton,False,Unknown,man,True
763,False,20.0,False,C,Cherbourg,False,Unknown,man,True
764,False,36.0,False,S,Southampton,True,B,woman,False
765,False,16.0,False,S,Southampton,False,Unknown,man,True
766,False,51.0,False,S,Southampton,True,D,woman,False
767,True,40.0,False,C,Cherbourg,False,Unknown,man,True
768,False,30.5,False,Q,Queenstown,False,Unknown,woman,False
769,True,25.0,False,Q,Queenstown,False,Unknown,man,True
770,False,32.0,False,S,Southampton,False,Unknown,man,True
771,False,24.0,False,S,Southampton,False,Unknown,man,True
772,False,48.0,False,S,Southampton,False,Unknown,man,True
773,False,57.0,False,S,Southampton,True,E,woman,False
774,True,25.0,False,C,Cherbourg,False,Unknown,man,True
775,False,54.0,False,S,Southampton,False,Unknown,woman,False
776,False,18.0,False,S,Southampton,False,Unknown,man,True
777,True,25.0,False,Q,Queenstown,True,F,man,True
778,False,5.0,False,S,Southampton,False,Unknown,child,False
779,True,25.0,False,Q,Queenstown,False,Unknown,man,True
780,False,43.0,False,S,Southampton,True,B,woman,False
781,False,13.0,False,C,Cherbourg,False,Unknown,child,False
782,False,17.0,False,S,Southampton,True,B,woman,False
783,False,29.0,False,S,Southampton,True,D,man,True
784,True,25.0,False,S,Southampton,False,Unknown,man,True
785,False,25.0,False,S,Southampton,False,Unknown,man,True
786,False,25.0,False,S,Southampton,False,Unknown,man,True
787,False,18.0,False,S,Southampton,False,Unknown,woman,False
788,False,8.0,False,Q,Queenstown,False,Unknown,child,False
789,False,1.0,False,S,Southampton,False,Unknown,child,False
790,False,46.0,False,C,Cherbourg,True,B,man,True
791,True,25.0,False,Q,Queenstown,False,Unknown,man,True
792,False,16.0,False,S,Southampton,False,Unknown,man,True
793,True,21.5,False,S,Southampton,False,Unknown,woman,False
794,True,40.0,False,C,Cherbourg,False,Unknown,man,True
795,False,25.0,False,S,Southampton,False,Unknown,man,True
796,False,39.0,False,S,Southampton,False,Unknown,man,True
797,False,49.0,False,S,Southampton,True,D,woman,False
798,False,31.0,False,S,Southampton,False,Unknown,woman,False
799,False,30.0,False,C,Cherbourg,False,Unknown,man,True
800,False,30.0,False,S,Southampton,False,Unknown,woman,False
801,False,34.0,False,S,Southampton,False,Unknown,man,True
802,False,31.0,False,S,Southampton,False,Unknown,woman,False
803,False,11.0,False,S,Southampton,True,B,child,False
804,False,0.42,False,C,Cherbourg,False,Unknown,child,False
805,False,27.0,False,S,Southampton,False,Unknown,man,True
806,False,31.0,False,S,Southampton,False,Unknown,man,True
807,False,39.0,False,S,Southampton,True,A,man,True
808,False,18.0,False,S,Southampton,False,Unknown,woman,False
809,False,39.0,False,S,Southampton,False,Unknown,man,True
810,False,33.0,False,S,Southampton,True,E,woman,False
811,False,26.0,False,S,Southampton,False,Unknown,man,True
812,False,39.0,False,S,Southampton,False,Unknown,man,True
813,False,35.0,False,S,Southampton,False,Unknown,man,True
814,False,6.0,False,S,Southampton,False,Unknown,child,False
815,False,30.5,False,S,Southampton,False,Unknown,man,True
816,True,40.0,False,S,Southampton,True,B,man,True
817,False,23.0,False,S,Southampton,False,Unknown,woman,False
818,False,31.0,False,C,Cherbourg,False,Unknown,man,True
819,False,43.0,False,S,Southampton,False,Unknown,man,True
820,False,10.0,False,S,Southampton,False,Unknown,child,False
821,False,52.0,False,S,Southampton,True,B,woman,False
822,False,27.0,False,S,Southampton,False,Unknown,man,True
823,False,38.0,False,S,Southampton,False,Unknown,man,True
824,False,27.0,False,S,Southampton,True,E,woman,False
825,False,2.0,False,S,Southampton,False,Unknown,child,False
826,True,25.0,False,Q,Queenstown,False,Unknown,man,True
827,True,25.0,False,S,Southampton,False,Unknown,man,True
828,False,1.0,False,C,Cherbourg,False,Unknown,child,False
829,True,25.0,False,Q,Queenstown,False,Unknown,man,True
830,False,62.0,True,S,Southampton,True,B,woman,False
831,False,15.0,False,C,Cherbourg,False,Unknown,child,False
832,False,0.83,False,S,Southampton,False,Unknown,child,False
833,True,25.0,False,C,Cherbourg,False,Unknown,man,True
834,False,23.0,False,S,Southampton,False,Unknown,man,True
835,False,18.0,False,S,Southampton,False,Unknown,man,True
836,False,39.0,False,C,Cherbourg,True,E,woman,False
837,False,21.0,False,S,Southampton,False,Unknown,man,True
838,True,25.0,False,S,Southampton,False,Unknown,man,True
839,False,32.0,False,S,Southampton,False,Unknown,man,True
840,True,40.0,False,C,Cherbourg,True,C,man,True
841,False,20.0,False,S,Southampton,False,Unknown,man,True
842,False,16.0,False,S,Southampton,False,Unknown,man,True
843,False,30.0,False,C,Cherbourg,False,Unknown,woman,False
844,False,34.5,False,C,Cherbourg,False,Unknown,man,True
845,False,17.0,False,S,Southampton,False,Unknown,man,True
846,False,42.0,False,S,Southampton,False,Unknown,man,True
847,True,25.0,False,S,Southampton,False,Unknown,man,True
848,False,35.0,False,C,Cherbourg,False,Unknown,man,True
849,False,28.0,False,S,Southampton,False,Unknown,man,True
850,True,35.0,False,C,Cherbourg,True,C,woman,False
851,False,4.0,False,S,Southampton,False,Unknown,child,False
852,False,74.0,False,S,Southampton,False,Unknown,man,True
853,False,9.0,False,C,Cherbourg,False,Unknown,child,False
854,False,16.0,False,S,Southampton,True,D,woman,False
855,False,44.0,False,S,Southampton,False,Unknown,woman,False
856,False,18.0,False,S,Southampton,False,Unknown,woman,False
857,False,45.0,False,S,Southampton,False,Unknown,woman,False
858,False,51.0,False,S,Southampton,True,E,man,True
859,False,24.0,False,C,Cherbourg,False,Unknown,woman,False
860,True,25.0,False,C,Cherbourg,False,Unknown,man,True
861,False,41.0,False,S,Southampton,False,Unknown,man,True
862,False,21.0,False,S,Southampton,False,Unknown,man,True
863,False,48.0,False,S,Southampton,True,D,woman,False
864,True,21.5,False,S,Southampton,False,Unknown,woman,False
865,False,24.0,False,S,Southampton,False,Unknown,man,True
866,False,42.0,False,S,Southampton,False,Unknown,woman,False
867,False,27.0,False,C,Cherbourg,False,Unknown,woman,False
868,False,31.0,False,S,Southampton,True,A,man,True
869,True,25.0,False,S,Southampton,False,Unknown,man,True
870,False,4.0,False,S,Southampton,False,Unknown,child,False
871,False,26.0,False,S,Southampton,False,Unknown,man,True
872,False,47.0,False,S,Southampton,True,D,woman,False
873,False,33.0,False,S,Southampton,True,B,man,True
874,False,47.0,False,S,Southampton,False,Unknown,man,True
875,False,28.0,False,C,Cherbourg,False,Unknown,woman,False
876,False,15.0,False,C,Cherbourg,False,Unknown,child,False
877,False,20.0,False,S,Southampton,False,Unknown,man,True
878,False,19.0,False,S,Southampton,False,Unknown,man,True
879,True,25.0,False,S,Southampton,False,Unknown,man,True
880,False,56.0,False,C,Cherbourg,True,C,woman,False
881,False,25.0,False,S,Southampton,False,Unknown,woman,False
882,False,33.0,False,S,Southampton,False,Unknown,man,True
883,False,22.0,False,S,Southampton,False,Unknown,woman,False
884,False,28.0,False,S,Southampton,False,Unknown,man,True
885,False,25.0,False,S,Southampton,False,Unknown,man,True
886,False,39.0,False,Q,Queenstown,False,Unknown,woman,False
887,False,27.0,False,S,Southampton,False,Unknown,man,True
888,False,19.0,False,S,Southampton,True,B,woman,False
889,True,21.5,False,S,Southampton,False,Unknown,woman,False
890,False,26.0,False,C,Cherbourg,True,C,man,True
891,False,32.0,False,Q,Queenstown,False,Unknown,man,True
